[{
 "categoryString": "EXTENSION",
 "dateBuilt": "2020-09-29T04:18:27+0000",
 "nonVisible": "true",
 "iconName": "https://community.appinventor.mit.edu/user_avatar/community.appinventor.mit.edu/kumaraswamy_b.g/32/13770_2.png",
 "methods": [
  {
   "deprecated": "false",
   "name": "GetBatteryInfo",
   "description": "Get battery info",
   "params": []
  },
  {
   "deprecated": "false",
   "name": "GetDeviceRam",
   "description": "Get RAM of the device",
   "params": [],
   "returnType": "number"
  },
  {
   "deprecated": "false",
   "name": "isDeviceLocked",
   "description": "Check if the device is protected",
   "params": [],
   "returnType": "boolean"
  }
 ],
 "blockProperties": [],
 "helpUrl": "App regarding (android) devices.",
 "type": "com.extension.AndroTools.xoma.AndroTools",
 "androidMinSdk": 7,
 "version": "1",
 "external": "true",
 "showOnPalette": "true",
 "name": "AndroTools",
 "helpString": "App regarding (android) devices.",
 "properties": [],
 "events": [{
  "deprecated": "false",
  "name": "GotBatteryInfo",
  "description": "Got all battery info",
  "params": [
   {
    "name": "chargingType",
    "type": "number"
   },
   {
    "name": "timeLeft",
    "type": "number"
   }
  ]
 }]
}]